"id","accountId","createdAt","total","address","paymentMethod","statusId","note","profit"
"2","4","2021-11-08T17:37:38.000Z","1","ninh Thuan","false","1","This is note","0"
"3","4","2021-11-08T18:16:54.000Z","1","ninh Thuan","false","1","This is note","0"
"4","4","2021-11-08T23:48:21.000Z","1","ninh Thuan","false","1","This is note","0"
"5","14","2021-12-08T09:59:00.000Z","0","ccc,ddd, Phường Phúc Xá, Quận Ba Đình, Thành phố Hà Nội","false","1","xxx","0"
"6","14","2021-12-08T10:00:20.000Z","0","nnn ddd, Xã Lũng Cú, Huyện Đồng Văn, Tỉnh Hà Giang","false","1","commnet","0"
"7","14","2021-12-08T10:55:22.000Z","200000","ddd, Phường Phúc Xá, Quận Ba Đình, Thành phố Hà Nội","false","4","","70000"
"8","14","2021-12-08T10:56:45.000Z","460000","ddd, Phường Đồng Xuân, Quận Hoàn Kiếm, Thành phố Hà Nội","false","4","sss","130000"
"9","14","2021-12-10T00:58:04.000Z","200000","3333, Xã Má Lé, Huyện Đồng Văn, Tỉnh Hà Giang","false","4","sss","70000"
"10","14","2021-12-10T00:58:40.000Z","220000","ddd, Phường Quang Trung, Thành phố Hà Giang, Tỉnh Hà Giang","false","4","w","60000"
"11","14","2021-12-10T00:59:33.000Z","350000","333222, Xã Lý Bôn, Huyện Bảo Lâm, Tỉnh Cao Bằng","false","4","2","80000"
"12","14","2021-12-10T01:01:52.000Z","760000","sv dd, Phường Đồng Xuân, Quận Hoàn Kiếm, Thành phố Hà Nội","false","4","","190000"
"13","14","2021-12-10T01:03:10.000Z","250000","333, Xã Hồng Việt, Huyện Hoà An, Tỉnh Cao Bằng","false","4","","90000"
"14","14","2021-12-10T02:22:54.000Z","240000","v, Thị trấn Phó Bảng, Huyện Đồng Văn, Tỉnh Hà Giang","false","1","f","70000"
"15","14","2021-12-10T02:23:53.000Z","360000","dd, Xã Lũng Cú, Huyện Đồng Văn, Tỉnh Hà Giang","false","1","ss","80000"
"16","14","2021-12-10T02:24:10.000Z","210000","dd, Phường Đồng Xuân, Quận Hoàn Kiếm, Thành phố Hà Nội","false","1","ss","90000"
"17","14","2021-12-10T02:25:26.000Z","220000","dd, Phường Đồng Xuân, Quận Hoàn Kiếm, Thành phố Hà Nội","false","1","ss","60000"
"18","21","2021-12-13T05:55:06.000Z","340000","dsd, Phường Đồng Xuân, Quận Hoàn Kiếm, Thành phố Hà Nội","false","1","","120000"